[
  {
    "id": "e2a3266a-c517-80f7-8005-dc49a408a813",
    "name": "Brand",
    "group": "Global",
    "description": "",
    "is-source": false,
    "modified-at": "2025-06-25T08:52:46.046+02:00",
    "selectedTokenSets": {
      "global/dimension": "enabled",
      "global/color": "enabled",
      "global/opacity": "enabled"
    }
  },
  {
    "id": "e2a3266a-c517-80f7-8005-dc49a408c44f",
    "name": "Light Mode",
    "group": "Alias",
    "description": "",
    "is-source": false,
    "modified-at": "2025-07-02T12:07:24.906+02:00",
    "selectedTokenSets": {
      "alias/border": "enabled",
      "alias/media-queries": "enabled",
      "alias/color-light": "enabled",
      "alias/dimension": "enabled"
    }
  },
  {
    "id": "e2a3266a-c517-80f7-8005-dc49a408c451",
    "name": "Dark Mode",
    "group": "Alias",
    "description": "",
    "is-source": false,
    "modified-at": "2025-03-21T11:37:10.831+01:00",
    "selectedTokenSets": {
      "alias/border": "enabled",
      "alias/media-queries": "enabled",
      "alias/color-dark": "enabled",
      "alias/dimension": "enabled"
    }
  },
  {
    "id": "e2a3266a-c517-80f7-8005-dc49a408c453",
    "name": "Section Message",
    "group": "Components",
    "description": "",
    "is-source": false,
    "modified-at": "2025-03-11T08:23:20.483+01:00",
    "selectedTokenSets": {
      "components/section-message": "enabled"
    }
  },
  {
    "id": "e2a3266a-c517-80f7-8005-dc49a408c455",
    "name": "Client Theme Template",
    "group": "White Label",
    "description": "",
    "is-source": false,
    "modified-at": "2025-03-11T08:23:20.483+01:00",
    "selectedTokenSets": {
      "wl-themes/client_theme_template": "enabled"
    }
  }
]