{
  "line-height": {
    "number": {
      "$value": "24",
      "$type": "number",
      "$description": ""
    }
  },
  "remBase": {
    "$value": "16",
    "$type": "number",
    "$description": ""
  },
  "font": {
    "size": {
      "medium": {
        "$value": "{remBase}",
        "$type": "fontSizes",
        "$description": ""
      },
      "small": {
        "$value": "roundTo({remBase} / {fontScale},0)",
        "$type": "fontSizes",
        "$description": ""
      },
      "mediumlarge": {
        "$value": "roundTo({remBase} * {fontScale})",
        "$type": "fontSizes",
        "$description": ""
      }
    }
  },
  "fontScale": {
    "$value": "1.33",
    "$type": "number",
    "$description": ""
  }
}