{
  "line-height": {
    "number": {
      "$value": "24",
      "$type": "number",
      "$description": ""
    }
  },
  "remBase": {
    "$value": "16",
    "$type": "number",
    "$description": ""
  },
  "font": {
    "size": {
      "medium": {
        "$value": "{remBase}",
        "$type": "fontSizes",
        "$description": ""
      },
      "small": {
        "$value": "roundTo({remBase} / {fontScale},0)",
        "$type": "fontSizes",
        "$description": ""
      },
      "mediumlarge": {
        "$value": "roundTo({remBase} * {fontScale})",
        "$type": "fontSizes",
        "$description": ""
      }
    }
  },
  "fontScale": {
    "$value": "1.33",
    "$type": "number",
    "$description": ""
  },
  "boxShadow": {
      "default": {
        "$value": [
          {
            "x": 5,
            "y": 5,
            "spread": 3,
            "color": "rgba({shadows.default}, 0.15)",
            "blur": 5,
            "$type": "dropShadow"
          },
          {
            "x": 4,
            "y": 4,
            "spread": 6,
            "color": "#00000033",
            "blur": 5,
            "$type": "innerShadow"
          }
        ],
        "$type": "boxShadow"
      }
    },
    "typography": {
      "H1": {
        "Bold": {
          "$value": {
            "fontFamily": "{fontFamilies.heading}",
            "fontWeight": "{fontWeights.headingBold}",
            "lineHeight": "{lineHeights.heading}",
            "fontSize": "{fontSizes.h1}",
            "paragraphSpacing": "{paragraphSpacing.h1}",
            "letterSpacing": "{letterSpacing.decreased}"
          },
          "$type": "typography"
        },
        "Regular": {
          "$value": {
            "fontFamily": "{fontFamilies.heading}",
            "fontWeight": "{fontWeights.headingRegular}",
            "lineHeight": "{lineHeights.heading}",
            "fontSize": "{fontSizes.h1}",
            "paragraphSpacing": "{paragraphSpacing.h1}",
            "letterSpacing": "{letterSpacing.decreased}"
          },
          "$type": "typography"
        }
      },
      "H2": {
        "Bold": {
          "$value": {
            "fontFamily": "{fontFamilies.heading}",
            "fontWeight": "{fontWeights.headingBold}",
            "lineHeight": "{lineHeights.heading}",
            "fontSize": "{fontSizes.h2}",
            "paragraphSpacing": "{paragraphSpacing.h2}",
            "letterSpacing": "{letterSpacing.decreased}"
          },
          "$type": "typography"
        },
        "Regular": {
          "$value": {
            "fontFamily": "{fontFamilies.heading}",
            "fontWeight": "{fontWeights.headingRegular}",
            "lineHeight": "{lineHeights.heading}",
            "fontSize": "{fontSizes.h2}",
            "paragraphSpacing": "{paragraphSpacing.h2}",
            "letterSpacing": "{letterSpacing.decreased}"
          },
          "$type": "typography"
        }
      },
      "Body": {
        "$value": {
          "fontFamily": "{fontFamilies.body}",
          "fontWeight": "{fontWeights.bodyRegular}",
          "lineHeight": "{lineHeights.heading}",
          "fontSize": "{fontSizes.body}",
          "paragraphSpacing": "{paragraphSpacing.h2}"
        },
        "$type": "typography"
      }
    }
}