{
  "xx": {
    "alias": {
      "color": {
        "purpose": {
          "infoLowEmphasis": {
            "$value": "#2980b9",
            "$type": "color",
            "$description": "color for elements with informational purpose of low emphasis"
          },
          "onCritical": {
            "$value": "#ffffff",
            "$type": "color",
            "$description": "color for elements placed on critical purpose background"
          },
          "criticalHighEmphasis": {
            "$value": "#e74c3c",
            "$type": "color",
            "$description": "color for elements with critical purpose of high emphasis"
          },
          "successHighEmphasis": {
            "$value": "#2ecc71",
            "$type": "color",
            "$description": "color for elements with success purpose of high emphasis"
          },
          "successLowEmphasis": {
            "$value": "#2ecc71",
            "$type": "color",
            "$description": "color for elements with success purpose of low emphasis"
          },
          "onInfo": {
            "$value": "#ffffff",
            "$type": "color",
            "$description": "color for elements placed on informational purpose background"
          },
          "criticalLowEmphasis": {
            "$value": "#e74c3c",
            "$type": "color",
            "$description": "color for elements with critical purpose of low emphasis"
          },
          "onWarning": {
            "$value": "#ffffff",
            "$type": "color",
            "$description": "color for elements placed on warning purpose background"
          },
          "onSuccess": {
            "$value": "#ffffff",
            "$type": "color",
            "$description": "color for elements placed on success purpose background"
          },
          "warningLowEmphasis": {
            "$value": "#f1c40f",
            "$type": "color",
            "$description": "color for elements with warning purpose of low emphasis"
          },
          "warningHighEmphasis": {
            "$value": "#f1c40f",
            "$type": "color",
            "$description": "color for elements with warning purpose of high emphasis"
          },
          "infoHighEmphasis": {
            "$value": "#2980b9",
            "$type": "color",
            "$description": "color for elements with informational purpose of high emphasis"
          }
        },
        "border": {
          "heavy": {
            "$value": "#728090",
            "$type": "color",
            "$description": "heavy border color"
          },
          "focusOutline": {
            "$value": "#0505A3",
            "$type": "color",
            "$description": "color for default focus outline"
          },
          "medium": {
            "$value": "#9AA5B1",
            "$type": "color",
            "$description": "medium border color"
          },
          "subtle": {
            "$value": "#C3C9D0",
            "$type": "color",
            "$description": "subtle border color"
          }
        },
        "state": {
          "select": {
            "$value": "#B4B4F2",
            "$type": "color",
            "$description": "background color for selected elements"
          },
          "onSelect": {
            "$value": "#0707D3",
            "$type": "color",
            "$description": "Foreground color for selected elements"
          },
          "disable": {
            "$value": "#bdc3c7",
            "$type": "color",
            "$description": "background color for disabled elements"
          },
          "onDisable": {
            "$value": "#7f8c8d",
            "$type": "color",
            "$description": "color for elements that are palced on disabled background color"
          },
          "selectInverted": {
            "$value": "#0707D3",
            "$type": "color",
            "$description": "Inverted background color for selected elements"
          },
          "onSelectInverted": {
            "$value": "#B4B4F2",
            "$type": "color",
            "$description": "inverted color for elements on selected backgrounds"
          }
        },
        "primary": {
          "onBrand": {
            "$value": "#f5f5fa",
            "$type": "color",
            "$description": "color for elements that are placed on brand background color"
          },
          "interaction": {
            "$value": "#DC7258",
            "$type": "color",
            "$description": "Color that indicates interactions"
          },
          "brand": {
            "$value": "#3333C2",
            "$type": "color",
            "$description": "background color for primary brand elements "
          },
          "onInteraction": {
            "$value": "#f5f5fa",
            "$type": "color",
            "$description": "color for elements that are placed on interactive background colors"
          }
        },
        "text": {
          "default": {
            "$value": "#353535",
            "$type": "color",
            "$description": "Default text color "
          },
          "inverted": {
            "$value": "#f5f5fa",
            "$type": "color",
            "$description": "Inverted text color"
          },
          "subtle": {
            "$value": "#9E9E9E",
            "$type": "color",
            "$description": "Text color in subtle weight"
          }
        },
        "background": {
          "highEmphasis": {
            "$value": "#ffffff",
            "$type": "color",
            "$description": "background Color for components with high emphasis"
          },
          "body": {
            "$value": "#E3E6E9",
            "$type": "color",
            "$description": "body background color"
          },
          "lowEmphasis": {
            "$value": "#F6F7F8",
            "$type": "color",
            "$description": "background color for elements with a low emphasis"
          }
        }
      },
      "border": {
        "radius": {
          "md": {
            "$value": "4px",
            "$type": "borderRadius",
            "$description": "medium border radius"
          },
          "lg": {
            "$value": "8px",
            "$type": "borderRadius",
            "$description": "large border radius"
          },
          "sm": {
            "$value": "0",
            "$type": "borderRadius",
            "$description": "small border radius"
          }
        }
      }
    }
  }
}