{
  "xx": {
    "alias": {
      "border": {
        "radius": {
          "sm": {
            "$value": "{xx.global.dimensions.2}",
            "$type": "borderRadius",
            "$description": "small border radius"
          },
          "md": {
            "$value": "{xx.global.dimensions.3}",
            "$type": "borderRadius",
            "$description": "medium border radius"
          },
          "lg": {
            "$value": "{xx.global.dimensions.5}",
            "$type": "borderRadius",
            "$description": "large border radius"
          },
          "round": {
            "$value": "100%",
            "$type": "borderRadius",
            "$description": ""
          }
        }
      }
    }
  },
  "stroke": {
    "outline": {
      "$value": "{xx.global.dimensions.1}",
      "$type": "borderWidth",
      "$description": ""
    },
    "medium": {
      "$value": "3",
      "$type": "borderWidth",
      "$description": ""
    },
    "small": {
      "$value": "1",
      "$type": "borderWidth",
      "$description": ""
    }
  }
}
