{
  "13": {
    "$value": "23",
    "$type": "borderRadius",
    "$description": ""
  },
  "xx": {
    "alias": {
      "color": {
        "purpose": {
          "infoLowEmphasis": {
            "$value": "{xx.global.color.blue.400}",
            "$type": "color",
            "$description": "color for elements with informational purpose of low emphasis"
          },
          "onCritical": {
            "$value": "{xx.global.color.red.200}",
            "$type": "color",
            "$description": "color for elements placed on critical purpose background"
          },
          "criticalHighEmphasis": {
            "$value": "{xx.global.color.red.600}",
            "$type": "color",
            "$description": "color for elements with critical purpose of high emphasis"
          },
          "successHighEmphasis": {
            "$value": "{xx.global.color.green.500}",
            "$type": "color",
            "$description": "color for elements with success purpose of high emphasis"
          },
          "successLowEmphasis": {
            "$value": "{xx.global.color.green.400}",
            "$type": "color",
            "$description": "color for elements with success purpose of low emphasis"
          },
          "onInfo": {
            "$value": "{xx.global.color.blue.100}",
            "$type": "color",
            "$description": "color for elements placed on informational purpose background"
          },
          "criticalLowEmphasis": {
            "$value": "{xx.global.color.red.500}",
            "$type": "color",
            "$description": "color for elements with critical purpose of low emphasis"
          },
          "onWarning": {
            "$value": "{xx.global.color.yellow.100}",
            "$type": "color",
            "$description": "color for elements placed on warning purpose background"
          },
          "onSuccess": {
            "$value": "{xx.global.color.green.100}",
            "$type": "color",
            "$description": "color for elements placed on success purpose background"
          },
          "warningLowEmphasis": {
            "$value": "{xx.global.color.yellow.400}",
            "$type": "color",
            "$description": "color for elements with warning purpose of low emphasis"
          },
          "warningHighEmphasis": {
            "$value": "{xx.global.color.yellow.500}",
            "$type": "color",
            "$description": "color for elements with warning purpose of high emphasis"
          },
          "infoHighEmphasis": {
            "$value": "{xx.global.color.blue.500}",
            "$type": "color",
            "$description": "color for elements with informational purpose of high emphasis"
          }
        },
        "border": {
          "heavy": {
            "$value": "{xx.global.color.neutral.700}",
            "$type": "color",
            "$description": "heavy border color"
          },
          "focusOutline": {
            "$value": "rgba({xx.global.color.blue.500},0.8)",
            "$type": "color",
            "$description": "color for default focus outline"
          },
          "medium": {
            "$value": "{xx.global.color.neutral.500}",
            "$type": "color",
            "$description": "medium border color"
          },
          "subtle": {
            "$value": "{xx.global.color.neutral.300}",
            "$type": "color",
            "$description": "subtle border color"
          }
        },
        "state": {
          "onSelectInverted": {
            "$value": "{xx.global.color.mint.100}",
            "$type": "color",
            "$description": "inverted color for elements on selected backgrounds"
          },
          "focus": {
            "$value": "{xx.global.color.neutral.100}",
            "$type": "color",
            "$description": "Background color for state overlay of a focused element"
          },
          "onDisable": {
            "$value": "{xx.global.color.neutral.700}",
            "$type": "color",
            "$description": "color for elements that are palced on disabled background color"
          },
          "press": {
            "$value": "{xx.global.color.neutral.100}",
            "$type": "color",
            "$description": "Background color for state overlay of a pressed element"
          },
          "select": {
            "$value": "{xx.global.color.mint.100}",
            "$type": "color",
            "$description": "background color for selected elements"
          },
          "disable": {
            "$value": "{xx.global.color.neutral.300}",
            "$type": "color",
            "$description": "background color for disabled elements"
          },
          "selectInverted": {
            "$value": "{xx.global.color.mint.600}",
            "$type": "color",
            "$description": "Inverted background color for selected elements"
          },
          "hover": {
            "$value": "{xx.global.color.neutral.100}",
            "$type": "color",
            "$description": "Background color for state overlay of a hovered element"
          },
          "onSelect": {
            "$value": "{xx.global.color.mint.600}",
            "$type": "color",
            "$description": "Foreground color for selected elements"
          }
        },
        "primary": {
          "onBrand": {
            "$value": "{xx.global.color.violet.200}",
            "$type": "color",
            "$description": "color for elements that are placed on brand background color"
          },
          "interaction": {
            "$value": "{xx.global.color.violet.600}",
            "$type": "color",
            "$description": "Color that indicates interactions"
          },
          "brand": {
            "$value": "{xx.global.color.violet.500}",
            "$type": "color",
            "$description": "background color for primary brand elements "
          },
          "onInteraction": {
            "$value": "{xx.global.color.violet.300}",
            "$type": "color",
            "$description": "color for elements that are placed on interactive background colors"
          },
          "highEmphasis": {
            "$value": "{xx.global.color.violet.200}",
            "$type": "color",
            "$description": "background color for primary brand elements "
          }
        },
        "text": {
          "default": {
            "$value": "{xx.global.color.neutral.900}",
            "$type": "color",
            "$description": "Default text color "
          },
          "inverted": {
            "$value": "{xx.global.color.neutral.50}",
            "$type": "color",
            "$description": "Inverted text color"
          },
          "emphasis": {
            "$value": "{xx.global.color.black}",
            "$type": "color",
            "$description": "Default text color "
          },
          "medium": {
            "$value": "{xx.global.color.neutral.400}",
            "$type": "color",
            "$description": "Text color in subtle weight"
          },
          "subtle": {
            "$value": "{xx.global.color.neutral.600}",
            "$type": "color",
            "$description": "Text color in subtle weight"
          }
        },
        "background": {
          "mediumEmphasis": {
            "$value": "{xx.global.color.neutral.100}",
            "$type": "color",
            "$description": "background Color for components with medium emphasis"
          },
          "highEmphasis": {
            "$value": "{xx.global.color.neutral.50}",
            "$type": "color",
            "$description": "background Color for components with high emphasis"
          },
          "body": {
            "$value": "{xx.global.color.neutral.200}",
            "$type": "color",
            "$description": "body background color"
          },
          "lowEmphasis": {
            "$value": "{xx.global.color.neutral.300}",
            "$type": "color",
            "$description": "background color for elements with a low emphasis"
          }
        }
      }
    }
  },
  "my": {
    "token": {
      "$value": "3",
      "$type": "number",
      "$description": ""
    }
  }
}