{
  "xx": {
    "alias": {
      "size": {
        "xs": {
          "$value": "{xx.global.dimensions.6}",
          "$type": "sizing",
          "$description": "extra small size unit"
        },
        "md": {
          "$value": "{xx.global.dimensions.8}",
          "$type": "sizing",
          "$description": "medium size unit"
        },
        "xxxxxs": {
          "$value": "{xx.global.dimensions.2}",
          "$type": "sizing",
          "$description": "extra extra extra small size unit"
        },
        "xxxxl": {
          "$value": "{xx.global.dimensions.15}",
          "$type": "sizing",
          "$description": "extra extra extra large size unit"
        },
        "lg": {
          "$value": "{xx.global.dimensions.10}",
          "$type": "sizing",
          "$description": "large size unit"
        },
        "xxs": {
          "$value": "{xx.global.dimensions.5}",
          "$type": "sizing",
          "$description": "extra extra small size unit"
        },
        "xxxs": {
          "$value": "{xx.global.dimensions.4}",
          "$type": "sizing",
          "$description": "extra extra extra small size unit"
        },
        "xxxxs": {
          "$value": "{xx.global.dimensions.3}",
          "$type": "sizing",
          "$description": "extra extra extra small size unit"
        },
        "xl": {
          "$value": "{xx.global.dimensions.11}",
          "$type": "sizing",
          "$description": "extra large size unit"
        },
        "xxxl": {
          "$value": "{xx.global.dimensions.14}",
          "$type": "sizing",
          "$description": "extra extra extra large size unit"
        },
        "xxl": {
          "$value": "{xx.global.dimensions.13}",
          "$type": "sizing",
          "$description": "extra extra large size unit"
        },
        "sm": {
          "$value": "{xx.global.dimensions.7}",
          "$type": "sizing",
          "$description": "small size unit"
        }
      },
      "spacing": {
        "xs": {
          "$value": "{xx.global.dimensions.3}",
          "$type": "spacing",
          "$description": "extra small spacing unit"
        },
        "md": {
          "$value": "{xx.global.dimensions.5}",
          "$type": "spacing",
          "$description": "medium spacing unit"
        },
        "lg": {
          "$value": "{xx.global.dimensions.7}",
          "$type": "spacing",
          "$description": "large spacing unit"
        },
        "xxs": {
          "$value": "{xx.global.dimensions.2}",
          "$type": "spacing",
          "$description": "extra extra small spacing unit"
        },
        "xxxs": {
          "$value": "{xx.global.dimensions.1}",
          "$type": "spacing",
          "$description": "extra extra extra small spacing unit"
        },
        "xl": {
          "$value": "{xx.global.dimensions.8}",
          "$type": "spacing",
          "$description": "extra large spacing unit"
        },
        "xxxl": {
          "$value": "{xx.global.dimensions.13}",
          "$type": "spacing",
          "$description": "extra extra extra small spacing unit"
        },
        "xxl": {
          "$value": "{xx.global.dimensions.10}",
          "$type": "spacing",
          "$description": "extra extra small spacing unit"
        },
        "sm": {
          "$value": "{xx.global.dimensions.4}",
          "$type": "spacing",
          "$description": "small spacing unit"
        }
      }
    }
  },
  "rotation": {
    "45": {
      "$value": "45",
      "$type": "rotation",
      "$description": ""
    },
    "60": {
      "$value": "60",
      "$type": "rotation",
      "$description": ""
    }
  },
  "dimension": {
    "top": {
      "position": {
        "$value": "{xx.global.dimensions.7}",
        "$type": "dimension",
        "$description": ""
      }
    }
  }
}