{
  "xx": {
    "media": {
      "sm": {
        "$value": "768px",
        "$type": "dimension",
        "$description": "(min-width: 768px)"
      },
      "xl": {
        "$value": "1440px",
        "$type": "dimension",
        "$description": " (min-width: 1440px) - Desktop small"
      },
      "2xl": {
        "$value": "1680px",
        "$type": "dimension",
        "$description": " (min-width: 1680px) - Desktop Large"
      },
      "md": {
        "$value": "992px",
        "$type": "dimension",
        "$description": "min-width: 992px - Tablet portrait"
      },
      "lg": {
        "$value": "1200px",
        "$type": "dimension",
        "$description": " (min-width: 1200px)  - Tablet landscape"
      },
      "xs": {
        "$value": "576px",
        "$type": "dimension",
        "$description": "(min-width: 576px)"
      }
    }
  },
  "2we": {
    "$value": "1",
    "$type": "opacity",
    "$description": ""
  },
  "something": {
    "$value": "23",
    "$type": "spacing",
    "$description": ""
  },
  "sizing": {
    "$value": "24",
    "$type": "sizing",
    "$description": ""
  }
}